"","abortion","abortlaw","abortlaw3","attend","attend_pct","battle04","blkleg","blkpct","bush00","bush04","carfatal","christad","cig_tax","cig_tax_3","cigarettes","college","conpct_m","cons_hr","cook_index","cook_index3","defexpen","demnat","dempct_m","demstate","density","division","evm","evo","gay_policy","gay_policy2","gay_policy_con","gay_support","gay_support3","gb_win00","gb_win04","gore00","gunlaw_rank","gunlaw_rank3_rev","gunlaw_scale","hispanic","hs_or_more","indpct_m","kerry04","libpct_m","mccain08","modpct_m","nader00","obama08","obama_win08","over64","permit","pop_18_24","pot_policy","prcapinc","region","relig_import","religiosity","reppct_m","secularism","secularism3","south","state","stateid","to_0004","to_0408","trnout00","trnout04","unemploy","union","urban","vep00_turnout","vep04_turnout","vep08_turnout","womleg"
"1",10.1,9,"9-10",NA,50,"No",3,7.7,60.3078521084823,65.57,21.9,60.3,1.03,"$.695-$1.36",10.04,21.9,41.7377812257564,86.4,-16.9,"More Rep",1135,14.2857142857143,46.987087517934,45.6375838926175,51.7,"W. South Cent",7,0,"Most conservative","Conservative","Yes",43,"Low","Bush win","Bush win",38.4269045695734,48,"Fewer restr",2,6.3,54.3,19.0100430416069,34.43,13.6539953452289,65.65,44.6082234290147,NA,34.35,"McCain win",13.2,14.8148148148148,10.8511837655017,"None",28089,"South",33.3333333333333,-37,34.0028694404591,37,"1. Religious","South","Oklahoma","ok",7.3,-1.60000002384186,49.41,56.71,4.9,6.1,65.3,49.9,58.3,56.7,12.8
"2",5.3,10,"9-10",50,47,"No",4,7.5,56.5017060757538,59.55,22.6,53,0.3,"$.07-$.64",18.95,18.7,35.5921052631579,75.3333333333333,-10.4,"More Rep",1285,12.5,48.3556638246041,55.7971014492754,105,"E. South Cent",8,0,"Conservative","Conservative","No",46,"Low","Bush win","Bush win",41.3743931272573,48,"Fewer restr",2,1.9,53.8,21.6199756394641,39.69,19.0789473684211,57.37,45.3289473684211,1.50189063889283,41.15,"McCain win",12.5,8.33333333333333,9.89695662592859,"None",27709,"South",57.1428571428571,-33,30.0243605359318,33,"1. Religious","South","Kentucky","ky",5.7,-0.800000011920929,52.95,58.65,5.2,9.6,55.8,52.2,58.7,57.9,12.3
"3",13,9,"9-10",60.9467455621302,53,"No",22,33,52.5510631742537,56.72,21.4,58.2,0.36,"$.07-$.64",8.16,21.3,40.5797101449275,77.5714285714286,-9.7,"More Rep",802,33.33,46.4371980676328,60.4166666666667,103.8,"W. South Cent",9,0,"Conservative","Conservative","No",51,"Low","Bush win","Bush win",44.8753324543399,48,"Fewer restr",2,2.8,53.5,24.8792270531401,42.22,16.2055335968379,58.56,43.2147562582345,1.15951238519848,39.93,"McCain win",11.7,13.6094674556213,11.1184792219275,"None",27581,"South",64.9350649350649,-16,28.6835748792271,16,"1. Religious","South","Louisiana","la",3.64,1,54.99,58.63,6,7.6,72.6,56.4,61.1,62.1,17.4
"4",6.8,6,"6-8",43.5374149659864,43,"Yes",0,3.2,51.915219927051,56.06,23,35.7,0.55,"$.07-$.64",12.42,17,35.2777777777778,58,-7.9,"More Rep",282,80,47.4619289340102,70.8955223880597,75.5,"South Atlantic",5,0,"Most conservative","Conservative","Yes",52,"Med","Bush win","Bush win",45.5926643666953,43,"Fewer restr",4,0.8,57.3,23.6040609137056,43.2,17.7777777777778,55.6,46.9444444444444,1.64783282211429,42.51,"McCain win",15.3,36.0544217687075,9.52118877270226,"None",25872,"South",32.1951219512195,-61,28.9340101522843,61,"1. Religious","South","West Virginia","wv",6.06,-3.5,46.26,52.32,5.3,14.2,46.1,46.6,54.1,50.6,14.2
"5",9.9,10,"9-10",NA,42,"No",0,0.7,60.6585812611012,62.86,17.5,72.9,0.44,"$.07-$.64",6.26,25.1,42.9429429429429,38,-10.4,"More Rep",1123,100,29.2537313432836,38.2978723404255,9.2,"W. North Cent",3,0,"Most conservative","Conservative","Yes",51,"Low","Bush win","Bush win",33.0553396980462,43,"Fewer restr",4,1.5,55.3,34.9253731343284,35.5,13.8138138138138,53.07,43.2432432432432,3.29082482238011,44.47,"McCain win",14.7,NA,12.0879120879121,"None",31398,"Midwest",NA,-80,35.8208955223881,80,"2. Middle","Nonsouth","North Dakota","nd",4.12,0.200000002980232,60.43,64.55,3.4,7.7,55.9,60.3,64.8,65,17.7
"6",11.7,5,"0-5",NA,22,"No",2,3.6,58.6209553158706,61.07,17.4,33.6,2,"$1.41-$2.58",6.22,26.7,36.3247863247863,72,-13.4,"More Rep",3556,0,26.1410788381743,43.3333333333333,1.2,"Pacific",3,0,"Conservative","Conservative","No",56,"Med","Bush win","Bush win",27.6663398235047,43,"Fewer restr",4,4.9,56.9,43.5684647302905,35.52,17.9487179487179,59.42,45.7264957264957,10.066886118504,37.89,"McCain win",6.4,NA,11.144578313253,"Enacted",34454,"West",NA,-177,30.2904564315353,177,"3. Secular","Nonsouth","Alaska","ak",-12.39,-0.800000011920929,67.19,54.8,7.5,20.1,65.6,68.1,69.1,68.3,21.7
"7",6.6,9,"9-10",39.1111111111111,43,"No",9,11.5,50.4228159593744,53.3,21.4,50.3,0.17,"$.07-$.64",9.68,24.1,36.2441314553991,56.2222222222222,-3.1,"Even",1401,27.27,36.2753751103266,42.6395939086294,84.2,"W. North Cent",11,0,"Most conservative","Conservative","Yes",52,"Med","Bush win","Bush win",47.0842733481024,43,"Fewer restr",4,2.6,57.6,37.5992939099735,46.1,18.2159624413146,49.37,45.5399061032864,1.63206621319959,49.24,"McCain win",13.3,39.1111111111111,10.1551724137931,"Pending",30608,"Midwest",36.6197183098592,-70,26.1253309796999,70,"1. Religious","Nonsouth","Missouri","mo",6.77,2.79999995231628,57.39,64.16,5.7,12.4,69.4,58.2,65.3,68.1,19.3
"8",6.6,8,"6-8",33.6206896551724,57,"No",2,0.9,66.8301429509286,71.54,14.2,74.3,0.695,"$.695-$1.36",3.58,26.2,39.1017173051519,80.3333333333333,-20.2,"More Rep",1319,20,22.9381443298969,26.9230769230769,30.1,"Mountain",5,0,"Most conservative","Conservative","Yes",38,"Low","Bush win","Bush win",26.3447221811369,43,"Fewer restr",4,10.6,52.3,32.0876288659794,26,15.0594451783355,62.25,45.8388375165125,4.65128951649943,34.22,"McCain win",8.7,36.2068965517241,12.6720647773279,"None",26606,"West",33.3333333333333,-34,44.9742268041237,34,"1. Religious","Nonsouth","Utah","ut",0.03,-5.59999990463257,53.34,53.37,5.3,5.8,88.2,53.8,58.9,53.3,17.3
"9",6,8,"6-8",NA,60,"No",26,36.8,57.6195150998206,59.44,30.6,54.5,0.18,"$.07-$.64",9.35,18.7,46.8292682926829,67.5,-9.5,"More Rep",1265,33.3333333333333,40.2903811252269,56.8965517241379,62.3,"E. South Cent",6,0,"Most conservative","Conservative","Yes",45,"Low","Bush win","Bush win",40.6981001504752,42,"Fewer restr",5,1.7,50,23.5934664246824,39.72,14.7317073170732,56.18,38.4390243902439,0.816951389280053,43,"McCain win",12.2,NA,11.0578568983225,"None",24650,"South",NA,-4,36.1161524500907,4,"1. Religious","South","Mississippi","ms",2.93,5.30000019073486,48.21,51.14,6.2,4.8,48.8,49.1,55.7,61,13.8
"10",14.7,5,"0-5",33.7662337662338,34,"Yes",2,2.4,47.8474118993326,49.84,22.8,57.2,0.91,"$.695-$1.36",4.92,23.8,26.0922330097087,54.3333333333333,2.4,"Even",1151,40,36.2102785406042,58.9285714285714,15.9,"Mountain",0,5,"Liberal","Liberal","No",59,"Med","Gore win","Bush win",47.9085540548442,36,"Fewer restr",6,43.3,51.2,36.9164378187524,49.05,24.3932038834951,41.78,49.5145631067961,3.55008728627392,56.91,"Obama win",12.1,41.5584415584416,10.6846473029046,"Enacted",26191,"West",35.0649350649351,-115,26.8732836406434,115,"2. Middle","Nonsouth","New Mexico","nm",6.41,1.29999995231628,48.24,54.65,5.6,6.7,75,48.5,59,60.3,30.4
"11",16.5,5,"0-5",34.9593495934959,29,"No",1,3.5,51.021138160437,54.83,20.3,37.9,2,"$1.41-$2.58",2.4,24.3,33.3333333333333,69,-6.1,"Even",1771,20,31.9365079365079,44.4444444444444,52.3,"Mountain",10,0,"Conservative","Conservative","No",58,"Med","Bush win","Bush win",44.7345850173889,36,"Fewer restr",6,28,50.4,29.7142857142857,44.37,19.235836627141,53.39,47.4308300395257,2.97940752576997,44.91,"McCain win",12.7,45.5284552845528,9.61441320087557,"Pending",28442,"West",33.2,-140,38.3492063492063,140,"3. Secular","Nonsouth","Arizona","az",-2.32,1.89999997615814,44.64,42.32,5.1,6.3,88.2,45.6,54.1,56,34.4
"12",5.5,9,"9-10",NA,42,"No",0,0.8,60.2967726840127,59.91,24.4,67.6,1.53,"$1.41-$2.58",6.88,23.1,39.1534391534392,60,-8.9,"More Rep",656,66.6666666666667,35.5889724310777,33.3333333333333,10.2,"W. North Cent",3,0,"Most conservative","Conservative","Yes",51,"Low","Bush win","Bush win",37.5642253904113,36,"Fewer restr",6,2,57,21.8045112781955,38.44,12.6984126984127,53.16,48.1481481481481,NA,44.75,"McCain win",14.2,14.2857142857143,11.2113402061856,"None",30856,"Midwest",NA,-80,42.6065162907268,80,"2. Middle","Nonsouth","South Dakota","sd",10.61,-4.40000009536743,57.61,68.22,3.7,6,51.9,57.7,68.2,63.8,17.1
"13",7,9,"9-10",NA,45,"No",0,0.6,67.1696360399585,68.38,22.1,48.3,0.57,"$.07-$.64",6.71,24,34.6555323590814,86,-17.4,"More Rep",478,0,23.2741617357002,24.7619047619048,17.3,"Mountain",4,0,"Most conservative","Conservative","Yes",47,"Low","Bush win","Bush win",27.6377982580474,36,"Fewer restr",6,8.9,53.7,35.1084812623274,30.26,17.9540709812109,61.21,47.3903966597077,2.45045562287065,35.91,"McCain win",11.4,18.1818181818182,10.9867039888034,"None",27098,"West",NA,-75,41.6173570019724,75,"2. Middle","Nonsouth","Idaho","id",4.9,0.100000001490116,55.61,60.51,5.3,5.8,66.4,57.2,63.2,63.3,22.9
"14",9.8,9,"9-10",39.5918367346939,50,"No",11,15.8,51.3071976966329,54.31,25.6,56.7,0.59,"$.07-$.64",8.51,19.1,38.8775510204082,56.25,-8.8,"More Rep",530,83.3333333333333,43.0635838150289,75.5555555555556,53.4,"W. South Cent",6,0,"Most conservative","Conservative","Yes",44,"Low","Bush win","Bush win",45.864256260435,36,"Fewer restr",6,4.4,54.6,35.9344894026975,44.55,16.8367346938775,58.72,44.2857142857143,1.45598574932658,38.86,"McCain win",13.8,22.4489795918367,10.0755667506297,"None",25725,"South",53.134328358209,-23,21.0019267822736,23,"1. Religious","South","Arkansas","ar",3.31,-0.200000002980232,46.93,50.24,5.9,4.8,52.5,47.9,53.6,53.4,20.7
"15",31.9,7,"6-8",39.672131147541,35,"Yes",14,15.7,48.8468265720404,52.1,19.1,36.9,0.339,"$.07-$.64",6.71,25.1,32.1012454801125,64.2,-1.8,"Even",938,29.63,37.4786081003993,34.375,329.9,"South Atlantic",0,27,"Most conservative","Conservative","Yes",57,"Med","Bush win","Bush win",48.8378212040361,36,"Fewer restr",6,19,55.2,28.0471572542308,47.09,20.5905986339896,48.1,47.308155885898,1.6348516126652,50.91,"Obama win",16.8,32.1311475409836,8.70713884204609,"None",31455,"South",42.4202127659574,-84,34.4742346453698,84,"2. Middle","South","Florida","fl",8.43,3.09999990463257,53.36,61.79,4.6,6,89.3,55.9,64.4,67.5,23.8
"16",21.4,7,"6-8",50.9174311926605,48,"No",4,5.9,58.041554982289,62,20.7,48.6,0.79,"$.695-$1.36",7.13,28.7,38.7040280210158,70.75,-11.5,"More Rep",925,16.6666666666667,29.3487221764221,35.1515151515151,33.5,"W. North Cent",6,0,"Most conservative","Conservative","Yes",52,"Med","Bush win","Bush win",37.2383228037582,33,"Mid",7,8.1,58.9,29.7609233305853,36.62,15.3239929947461,56.5,45.9719789842382,3.3655469316874,41.57,"McCain win",13,31.1926605504587,10.8925318761384,"Pending",30811,"Midwest",43.6482084690554,-51,40.8903544929926,51,"1. Religious","Nonsouth","Kansas","ks",2.32,0.899999976158142,56.2,58.52,5.5,8.4,71.4,55.6,61.6,62.5,29.1
"17",15.2,8,"6-8",42.2178988326848,52,"No",14,16.8,51.149153180768,56.8,21.6,50.4,0.62,"$.07-$.64",9.4,21.5,39.1346621293145,72.4444444444444,-8.7,"More Rep",598,45.4545454545455,34.5301418439716,52.2727272727273,144.7,"E. South Cent",11,0,"Most conservative","Conservative","Yes",45,"Low","Bush win","Bush win",47.2848947177534,33,"Mid",7,2.8,55.8,33.4663120567376,42.53,17.1122994652406,56.85,43.7530384054448,0.952758935757528,41.79,"McCain win",12.5,29.1828793774319,9.65956733187993,"None",30005,"South",47.5155279503106,-21,32.0035460992908,21,"1. Religious","South","Tennessee","tn",5.42,1,49.04,54.46,5.1,6.7,63.6,49.9,56.3,57.3,15.9
"18",16.9,9,"9-10",42.7597955706985,45,"No",21,29.6,54.6718196675606,57.97,17.8,43.1,0.37,"$.07-$.64",8.22,25.7,38.1153846153846,69.6153846153846,-6.8,"Even",1037,40,38.3314957736126,40.6779661016949,156.7,"South Atlantic",15,0,"Most conservative","Conservative","Yes",51,"Low","Bush win","Bush win",42.9847612680818,33,"Mid",7,6.8,55.9,30.0992282249173,41.37,17.6153846153846,52.1,44.2692307692308,0.517251205712869,46.9,"McCain win",9.6,29.3015332197615,9.94158492229693,"None",30051,"South",52.6390870185449,-39,31.56927600147,39,"1. Religious","South","Georgia","ga",4.28,5.19999980926514,45.31,49.59,4.7,6.4,71.6,45.8,56.2,61.4,19.5
"19",9.4,8,"6-8",43.0703624733475,44,"No",7,8.8,56.6468816015263,59.94,15.6,42.4,0.995,"$.695-$1.36",10.47,21,37.6127093173036,71.4444444444444,-6.2,"Even",589,27.27,30.9640522875817,45.3333333333333,174.9,"E. North Cent",0,11,"Conservative","Conservative","No",52,"Med","Bush win","Bush win",41.012102930839,31,"Mid",8,4.3,57.8,33.3333333333333,39.26,17.5611850579648,48.84,44.8261056247316,0.842585511221288,49.87,"Obama win",12.4,22.8144989339019,10.0765306122449,"None",30094,"Midwest",40.625,-66,35.702614379085,66,"1. Religious","Nonsouth","Indiana","in",3.91,4.59999990463257,49.66,53.57,5.3,11.4,70.8,49.3,54.8,59.4,18.7
"20",13.5,6,"6-8",NA,31,"No",0,0.4,58.4378961403611,59.07,28,44.4,1.7,"$1.41-$2.58",7.31,25.7,37.5598086124402,83,-7.1,"Even",606,33.3333333333333,28.6975717439294,50,6.4,"Mountain",3,0,"Conservative","Conservative","No",56,"Med","Bush win","Bush win",33.3642338021932,31,"Mid",8,2.4,58.4,39.7350993377483,38.57,18.4210526315789,49.49,44.0191387559809,5.94578549235153,47.11,"McCain win",13.7,NA,10.5769230769231,"Enacted",26857,"West",NA,-126,31.5673289183223,126,"2. Middle","Nonsouth","Montana","mt",-0.12,1.89999997615814,61.16,61.04,4.9,11.7,54.1,61.6,64.4,66.3,25.3
"21",12.7,0,"0-5",NA,23,"No",1,0.6,40.6971607975318,38.8,12.7,37.8,1.79,"$1.41-$2.58",7.61,32,22.3776223776224,8,13.4,"More Dem",986,100,32.6666666666667,64.4444444444444,67.4,"New England",0,3,"Most liberal","Liberal","No",65,"High","Gore win","Kerry win",50.6347092161953,27,"Mid",9,1,65.3,44.6666666666667,58.94,30.0699300699301,30.45,47.5524475524476,6.92267964173587,67.46,"Obama win",13,NA,9.95184590690209,"Enacted",32770,"Northeast",NA,-180,22.6666666666667,180,"3. Secular","Nonsouth","Vermont","vt",1.23,0.400000005960464,64.83,66.06,3.7,9.8,38.2,64.1,66.3,66.7,37.8
"22",18.8,7,"6-8",42.595818815331,47,"No",8,11.7,59.2985994681035,61.09,18.5,54.3,1.41,"$1.41-$2.58",5.61,24.5,39.6908082675181,67.40625,-10,"More Rep",1372,32.35,35.8165728077233,44.1988950276243,87.3,"W. South Cent",34,0,"Most conservative","Conservative","Yes",51,"Low","Bush win","Bush win",37.981958091571,27,"Mid",9,34.6,50.8,31.4722445695897,38.22,17.8457402117291,55.39,42.4634515207528,2.15358641570988,43.63,"McCain win",9.9,30.9233449477352,10.498687664042,"None",30222,"South",44.4363103953148,-48,32.711182622687,48,"1. Religious","South","Texas","tx",3.97,1,47.81,51.78,6,5,82.5,49.2,53.7,54.7,19.9
"23",9.3,9,"9-10",59.375,54,"No",19,29.4,56.8400475296102,57.98,24.9,46.7,0.07,"$.07-$.64",10.46,23.2,38.5233918128655,68.5,-7.8,"Even",1027,25,33.6971350613915,41.7647058823529,141.3,"South Atlantic",8,0,"Most conservative","Conservative","Yes",49,"Low","Bush win","Bush win",40.9021513440567,27,"Mid",9,3.1,54.7,31.6507503410641,40.9,17.0321637426901,53.87,44.4444444444444,1.46089185277971,44.9,"McCain win",12.4,18.75,10.0822561692127,"None",27172,"South",53.125,-15,34.6521145975443,15,"1. Religious","South","South Carolina","sc",4.16,5.59999990463257,46.68,50.84,6.9,3,60.5,47,53,58.6,8.8
"24",1,5,"0-5",26.4150943396226,31,"No",0,0.9,67.7565021456279,68.86,31.5,46.4,0.6,"$.07-$.64",8.05,23.7,34.1968911917098,91,-19.7,"More Rep",747,0,25.2427184466019,26.6666666666667,5.2,"Mountain",3,0,"Most conservative","Conservative","Yes",51,"Low","Bush win","Bush win",27.6989800825277,27,"Mid",9,6.7,56.3,32.5242718446602,29.07,18.1347150259067,64.78,47.6683937823834,2.11814921846019,32.54,"McCain win",12.1,34.5911949685535,11.1984282907662,"None",34306,"West",24.896265560166,-126,42.2330097087379,126,"2. Middle","Nonsouth","Wyoming","wy",3.47,-0.300000011920929,60.32,63.79,3.8,8,65.1,59.2,65.7,65.4,23.3
"25",11.6,9,"9-10",45.7831325301205,47,"No",2,4.3,62.2453620346074,65.9,19.5,58.2,0.64,"$.07-$.64",5.31,25.3,38.107098381071,86.3333333333333,-13.5,"More Rep",632,20,29.0322580645161,NA,22.9,"W. North Cent",4,1,"Most conservative","Conservative","Yes",50,"Low","Bush win","Bush win",33.2530390132837,26,"Mid",10,6.9,57.2,27.073732718894,32.68,16.4383561643836,56.53,45.4545454545455,3.52070746995419,41.6,"McCain win",13.3,31.3253012048193,10.8584422967595,"None",31339,"Midwest",30,-71,43.8940092165899,71,"1. Religious","Nonsouth","Nebraska","ne",1.07,-0.300000011920929,56.95,58.02,3.8,8.3,69.8,56.9,62.9,62.6,18.4
"26",32.2,6,"6-8",NA,30,"Yes",11,7.5,49.5221439479777,50.47,17.8,30.2,0.8,"$.695-$1.36",6.63,19.5,32.5884543761639,61.3333333333333,1.3,"Even",611,40,32.688927943761,58.7301587301587,22,"Mountain",0,5,"Liberal","Liberal","No",60,"Med","Bush win","Bush win",45.9756638258042,23,"Mid",11,22.8,51.2,30.4042179261863,47.88,18.8081936685289,42.65,48.6033519553073,2.46448921950178,55.15,"Obama win",11.2,NA,8.69565217391304,"Enacted",33405,"West",NA,-139,36.9068541300527,139,"3. Secular","Nonsouth","Nevada","nv",8.45,3.29999995231628,45.34,53.79,4.2,12.5,91.5,45.2,55.3,58.6,30.2
"27",11.2,2,"0-5",38.1443298969072,23,"Yes",1,0.9,48.0703098504431,48.88,9.8,46.2,1.08,"$.695-$1.36",14.18,30.3,29.6551724137931,64,1.6,"Even",642,0,23.9583333333333,59.6698113207547,146.1,"New England",0,4,"Most liberal","Liberal","No",63,"High","Bush win","Kerry win",46.8031791607873,23,"Mid",11,2.1,60.2,48.3333333333333,50.25,24.1379310344828,44.52,46.2068965517241,3.90067494785452,54.13,"Obama win",12.1,43.298969072165,9.31297709923664,"Pending",37040,"Northeast",25.6198347107438,-180,27.7083333333333,180,"3. Secular","Nonsouth","New Hampshire","nh",8.86,0.400000005960464,62.74,71.6,3.7,9.9,59.3,63.9,70.9,71.3,35.8
"28",13.5,5,"0-5",48.8069414316703,38,"Yes",1,4.1,45.5023506520932,47.61,14.8,60.5,1.49,"$1.41-$2.58",6.63,30.6,29.0871583290356,55.375,2.3,"Even",419,50,35.3199804592086,64.1791044776119,64.5,"W. North Cent",0,10,"Liberal","Liberal","No",58,"Med","Gore win","Kerry win",47.9055720603522,23,"Mid",11,3.5,60,37.6160234489497,51.09,21.2996389891697,43.82,49.6132026817947,5.19525892027876,54.06,"Obama win",12.1,29.0672451193059,10.3448275862069,"Pending",35861,"Midwest",34.2608695652174,-120,27.0639960918417,120,"2. Middle","Nonsouth","Minnesota","mn",6.92,-0.200000002980232,69.26,76.18,4.8,17.5,70.9,69.5,78.4,78.2,34.8
"29",9.9,3,"0-5",NA,23,"No",0,0.7,43.9718509949879,44.58,16.6,35.3,2,"$1.41-$2.58",7.3,25.9,32.8407224958949,10,5.5,"More Dem",1389,50,23.7003058103976,57.5268817204301,42.8,"New England",0,4,"Most liberal","Liberal","No",62,"High","Gore win","Kerry win",49.086016473949,21,"Mid",12,0.9,62.4,45.4128440366972,53.57,23.8095238095238,40.38,43.3497536945813,5.69592385592889,57.71,"Obama win",14.4,NA,9.37972768532526,"Enacted",30566,"Northeast",NA,-177,30.8868501529052,177,"3. Secular","Nonsouth","Maine","me",-0.88,-2.40000009536743,67.76,66.88,4.7,11.3,40.2,67.2,73.8,71.4,30.6
"30",9.6,8,"6-8",41.1392405063291,33,"Yes",6,5.9,47.6131635141443,49.32,16,59.6,0.77,"$.695-$1.36",7.62,23.8,32.7450069670228,49,2.4,"Even",330,60,35.4720439963336,49.2424242424242,101.9,"E. North Cent",0,10,"Liberal","Liberal","No",57,"Med","Gore win","Kerry win",47.8328196606874,21,"Mid",12,4.3,58.4,35.6553620531622,49.7,17.835578262889,42.31,49.4194147700883,3.62001641648776,56.22,"Obama win",13,32.7004219409283,10.3865606936416,"Pending",32157,"Midwest",33.5689045936396,-142,28.8725939505041,142,"3. Secular","Nonsouth","Wisconsin","wi",7.38,-2.29999995231628,66.31,73.69,5,16,68.3,67.6,74.8,72.5,22.7
"31",16.5,9,"9-10",41.7624521072797,36,"Yes",14,11.9,49.9677077061803,50.81,14,43.3,1.25,"$.695-$1.36",8.72,22.9,33.6268829663963,59.5555555555556,-0.7,"Even",593,30,35.7018308631212,43.9393939393939,280,"E. North Cent",0,20,"Conservative","Conservative","No",56,"Med","Bush win","Bush win",46.4607369698629,20,"Mid",13,2.2,60.2,33.0427201394943,48.71,19.837775202781,46.8,46.5353418308227,2.50468764245428,51.38,"Obama win",13.3,31.4176245210728,9.83949755757153,"None",31322,"Midwest",33.7962962962963,-96,31.2554489973845,96,"2. Middle","Nonsouth","Ohio","oh",8.18,-0.100000001490116,56.38,64.56,6.3,15.2,77.4,56.7,66.8,66.7,16.7
"32",14.3,8,"6-8",47.6190476190476,52,"No",25,26.4,56.4837553532677,62.46,24.9,54.4,0.425,"$.07-$.64",9.41,21.1,40.6779661016949,77.7142857142857,-13.2,"More Rep",1757,22.2222222222222,38.8762769580023,60.7142857142857,89.8,"E. South Cent",9,0,"Most conservative","Conservative","Yes",44,"Low","Bush win","Bush win",41.5665029478981,19,"Mid",15,2.2,51.9,29.9659477866061,36.84,16.8280871670702,60.32,42.4939467312349,1.0996403948455,38.74,"McCain win",13.2,26.5664160401003,10.0043878894252,"Pending",27795,"South",58.4795321637427,-13,31.1577752553916,13,"1. Religious","South","Alabama","al",4.2,4.59999990463257,50.59,54.79,5.8,9.7,55.4,51.6,57.2,61.8,12.9
"33",15.9,5,"0-5",27.0547945205479,29,"Yes",4,4.1,50.7502147736722,51.71,17.3,37.3,0.84,"$.695-$1.36",5.86,34.7,32.3859881031064,63.4285714285714,-0.2,"Even",1139,44.44,29.6778190830235,59,45,"Mountain",0,9,"Liberal","Liberal","No",61,"High","Bush win","Bush win",42.3935090113061,17,"More restr",16,19.1,58.5,37.7323420074349,47.04,21.6787838730998,44.71,45.9352280237938,5.25069945008752,53.66,"Obama win",9.8,43.8356164383562,9.79635584137192,"Enacted",36063,"West",26.0869565217391,-163,32.5898389095415,163,"3. Secular","Nonsouth","Colorado","co",0.82,3.09999990463257,57.55,58.37,5.4,8.4,84.5,57.5,66.7,69.8,35
"34",9.8,6,"6-8",37.1900826446281,40,"Yes",2,2.3,48.2206477378886,49.9,14.5,58,1.36,"$.695-$1.36",8.01,22.5,35.6451612903226,71,1,"Even",342,28.5714285714286,30.8446455505279,56,53.1,"W. North Cent",0,7,"Most liberal","Liberal","No",56,"Med","Gore win","Bush win",48.5356459553818,17,"More restr",16,3.5,59.4,40.5731523378582,49.23,19.0322580645161,44.39,45.3225806451613,2.23280831096648,53.93,"Obama win",14.7,33.0578512396694,10.6540795684423,"Pending",30560,"Midwest",35.0649350649351,-115,28.5822021116139,115,"2. Middle","Nonsouth","Iowa","ia",6.78,0,61.25,68.03,4.6,10.5,61.1,63.2,69.9,69.9,22.7
"35",20.2,1,"0-5",24.2811501597444,33,"No",2,3.5,44.5786479475025,45.64,12.5,31.8,2.025,"$1.41-$2.58",4.15,30.2,31.2973695942934,36.1111111111111,5,"More Dem",1256,72.7272727272727,31.8122555410691,64.6258503401361,94.5,"Pacific",0,11,"Liberal","Liberal","No",62,"High","Gore win","Kerry win",50.1582153167543,14,"More restr",18,8.5,55.9,38.6353759235115,52.82,22.0240748996879,40.26,46.6785555060187,4.14089545326447,57.34,"Obama win",11.3,52.3961661341853,10.0986005089059,"Enacted",35299,"West",25.1908396946565,-138,29.5523685354194,138,"3. Secular","Nonsouth","Washington","wa",1.03,0.100000001490116,60.37,61.4,6.2,19.3,82,60.7,66.9,67,32.7
"36",23.5,1,"0-5",27.3026315789474,32,"Yes",3,1.8,46.5183758722477,47.19,13.1,30.1,1.18,"$.695-$1.36",5.01,26.4,31.132783195799,30.4,4,"More Dem",308,71.4285714285714,38.7813620071685,53.3333333333333,37.9,"Pacific",0,7,"Liberal","Liberal","No",60,"Med","Gore win","Kerry win",46.9593889833425,14,"More restr",18,9.5,53.7,30.1075268817204,51.35,23.4058514628657,40.4,45.4613653413353,5.04293440280371,56.75,"Obama win",12.8,52.6315789473684,9.61274375171656,"Enacted",29971,"West",23.9583333333333,-156,31.1111111111111,156,"3. Secular","Nonsouth","Oregon","or",10.96,-4.19999980926514,63,73.96,7.6,15.2,78.7,64.9,72,67.8,31.1
"37",18.1,8,"6-8",37.134909596662,41,"No",11,19.9,52.4737291869491,53.68,13.2,39.7,0.3,"$.07-$.64",10.1,32.2,33.9382239382239,64.3636363636364,-1.7,"Even",4425,23.0769230769231,33.4070796460177,40.7142857142857,191.1,"South Atlantic",0,13,"Most conservative","Conservative","Yes",55,"Med","Bush win","Bush win",44.4356105447559,14,"More restr",18,5.7,59.3,34.1445427728614,45.48,19.2664092664093,46.33,46.7953667953668,2.16824782519976,52.63,"Obama win",11.4,40.7510431154381,9.88502709131756,"Pending",35477,"South",36.9640787949015,-75,32.4483775811209,75,"2. Middle","South","Virginia","va",4.42,7.09999990463257,53.93,58.35,3.9,5.3,73,54,60.6,67.7,17.1
"38",21,5,"0-5",50.8960573476703,49,"No",14,21.8,56.0294126739538,56.02,20.3,44.7,0.35,"$.07-$.64",8.5,24.3,38.3097665241697,59.6923076923077,-4.3,"Even",893,40,40.893989731199,57.6470588235294,178.3,"South Atlantic",0,15,"Most conservative","Conservative","Yes",50,"Low","Bush win","Bush win",43.2009211125622,13,"More restr",20,6.1,53.5,25.2793717909997,43.58,18.1190397895429,49.38,43.5711936862874,NA,49.7,"Obama win",12.1,21.505376344086,9.53587469768513,"Pending",29246,"South",56,-35,33.8266384778013,35,"1. Religious","South","North Carolina","nc",4.85,8,49.62,54.47,5.4,2.7,60.2,50.7,57.8,65.8,25.9
"39",31.3,7,"6-8",NA,35,"No",5,20.4,41.9043898150918,45.75,15,38.2,1.15,"$.695-$1.36",17.12,27.6,30.1526717557252,52,7,"More Dem",690,66.6666666666667,37.9432624113475,50,431.8,"South Atlantic",0,3,"Conservative","Conservative","No",60,"Med","Gore win","Kerry win",54.9621209808865,11,"More restr",22,5.8,60.9,36.8794326241135,53.35,22.5190839694656,36.93,47.3282442748092,2.53554401108595,61.91,"Obama win",13.1,NA,9.95260663507109,"Pending",35861,"South",NA,-109,25.177304964539,109,"2. Middle","South","Delaware","de",2.53,2,57.36,59.89,3.9,12.4,80.1,59,64.2,66.2,30.6
"40",21.6,9,"9-10",41.6666666666667,38,"Yes",14,14.3,46.1462147321406,47.81,13.8,39.9,2,"$1.41-$2.58",7.6,24.3,32.6328079392878,52.7333333333333,3.8,"More Dem",343,47.0588235294118,35.5946636389441,50.6756756756757,178.2,"E. North Cent",0,17,"Conservative","Conservative","No",57,"Med","Gore win","Kerry win",51.2797988706914,11,"More restr",22,3.7,56.5,34.5728072665342,51.23,20.4028021015762,40.89,46.964389959136,1.98854058156159,57.33,"Obama win",12.3,33.6111111111111,9.85080525639759,"Enacted",31954,"Midwest",33.7809917355372,-107,29.8325290945217,107,"2. Middle","Nonsouth","Michigan","mi",6.78,2.29999995231628,59.39,66.17,7,21.6,74.7,59.9,66.6,68.9,19.6
"41",14.3,7,"6-8",32.5056433408578,39,"Yes",7,10.5,46.4293048875877,48.42,14.1,55,1.35,"$.695-$1.36",7.31,24.2,31.7057003977022,56.6315789473684,2,"Even",651,33.3333333333333,40.1452282157676,48.6166007905138,277.3,"Mid Atlantic",0,21,"Conservative","Conservative","No",58,"Med","Gore win","Kerry win",50.5985505337852,10,"More restr",26,3.8,63.6,23.8381742738589,50.92,19.5095006628369,44.15,48.7847989394609,2.10440658978543,54.47,"Obama win",15.3,34.7629796839729,9.53338696701529,"Pending",33348,"Northeast",28.4872298624754,-100,36.0165975103734,100,"2. Middle","Nonsouth","Pennsylvania","pa",7.55,1.60000002384186,53.67,61.22,5.6,15,77.1,54.1,62.6,64.2,14.6
"42",23.2,6,"6-8",44.7368421052632,39,"No",16,15.1,42.5847452712635,44.48,12.5,52,0.98,"$.695-$1.36",5.43,28.1,29.728370221328,45.2631578947368,7.7,"More Dem",390,57.14,39.2624728850325,58.1920903954802,229.6,"E. North Cent",0,21,"Liberal","Liberal","No",60,"Med","Gore win","Kerry win",54.5963485131027,8,"More restr",28,14,57.1,32.9959026271391,54.82,21.8561368209256,36.75,48.4154929577465,2.18802844211337,61.86,"Obama win",12,36.1842105263158,9.87228707984016,"Pending",34351,"Midwest",34.1818181818182,-111,27.7416244878284,111,"2. Middle","Nonsouth","Illinois","il",3.05,1.29999995231628,56.44,59.49,6.1,16.8,87.8,56.2,61.5,62.8,27.1
"43",22.2,1,"0-5",NA,35,"No",1,2.2,37.4628686971907,45.26,9.7,35.6,1.8,"$1.41-$2.58",5.71,28.2,28.3524904214559,16.5,12.5,"More Dem",3566,100,40.4494382022472,82.8947368421053,198.5,"Pacific",0,4,"Liberal","Liberal","No",62,"High","Gore win","Kerry win",55.7916679123035,8,"More restr",43,7.9,58.4,36.7041198501873,54.01,26.4367816091954,26.58,45.2107279693487,5.87659769915016,71.85,"Obama win",13.6,NA,9.88235294117647,"Enacted",32160,"West",NA,-101,22.8464419475655,101,"2. Middle","Nonsouth","Hawaii","hi",4.77,2.29999995231628,43.49,48.26,3.4,23.7,91.5,44.2,48.2,50.5,32.9
"44",24.1,9,"9-10",NA,30,"No",4,6.1,31.9117992139072,38.67,8.9,61.7,2.46,"$1.41-$2.58",6.17,29.1,23.0769230769231,13,11.2,"More Dem",1003,75,36.2017804154303,82.3008849557522,1029.9,"New England",0,4,"Liberal","Liberal","No",66,"High","Gore win","Kerry win",60.9877001896791,7,"More restr",47,10.3,57.7,49.5548961424332,59.42,22.4615384615385,35.06,54.4615384615385,6.12350652144156,62.86,"Obama win",13.9,NA,10.4089219330855,"Enacted",33733,"Northeast",NA,-170,14.2433234421365,170,NA,"Nonsouth","Rhode Island","ri",0.45,4,54.72,55.17,5.4,16.3,90.9,54.2,58.5,62.5,19.5
"45",39.1,1,"0-5",30.0930713547053,32,"No",14,17.5,35.2297618337382,40.08,8.8,50.4,1.5,"$1.41-$2.58",3.34,29.8,28.6638329329144,28.0689655172414,10.2,"More Dem",328,70.97,41.2921348314607,64.622641509434,407.8,"Mid Atlantic",0,31,"Liberal","Liberal","No",66,"High","Gore win","Kerry win",60.2125124908403,6,"More restr",51,16,59.3,30.3370786516854,58.37,26.4276473849566,36.03,44.908519682129,3.57710401306127,62.88,"Obama win",13,47.1561530506722,9.47805764736432,"Pending",38228,"Northeast",29.3927125506073,-151,28.3707865168539,151,"3. Secular","Nonsouth","New York","ny",0.08,0,54.73,54.81,5.8,25.3,87.5,55.1,58,58,24.1
"46",29,3,"0-5",32.5878594249201,37,"No",22,29.1,40.1779825029129,42.93,13.2,38,1,"$.695-$1.36",5.09,34.5,28.4718498659517,25,8.5,"More Dem",2071,80,50.716049382716,73.936170212766,573,"South Atlantic",0,10,"Liberal","Liberal","No",61,"High","Gore win","Kerry win",56.5684183502182,5,"More restr",53,5.4,62,23.5061728395062,55.91,22.2520107238606,36.47,49.2761394101877,2.65458064261311,61.92,"Obama win",11.4,44.7284345047923,9.30357142857143,"Pending",39247,"South",30.6122448979592,-91,25.7777777777778,91,"2. Middle","South","Maryland","md",2.46,4.80000019073486,54.55,57.01,4.2,10.9,86.1,55.5,62.9,67.7,33
"47",21.1,1,"0-5",34.5744680851064,30,"No",7,10.1,38.4436032270773,43.95,10.1,53.7,2,"$1.41-$2.58",5.47,34.6,27.2727272727273,31.2,7.1,"More Dem",2453,57.1428571428571,33.0097087378641,70.0534759358289,724.5,"New England",0,7,"Most liberal","Liberal","No",65,"High","Gore win","Kerry win",55.9096281324403,3,"More restr",54,10.6,64.4,42.188879082083,54.31,22.1706864564007,38.22,50.556586270872,4.4159572463644,60.59,"Obama win",13.5,45.7446808510638,8.86039886039886,"None",45398,"Northeast",35.0210970464135,-170,24.801412180053,170,"3. Secular","Nonsouth","Connecticut","ct",4.47,2.20000004768372,60.86,65.33,4.9,15.3,87.7,61.9,65,67.2,28.3
"48",21.4,4,"0-5",27.906976744186,30,"No",3,6.8,32.501191276012,36.78,8.8,58.7,1.51,"$1.41-$2.58",4.48,35.9,22.7541954590326,7.6,11.7,"More Dem",1154,100,33.6254612546125,88,816.2,"New England",0,12,"Most liberal","Liberal","No",68,"High","Gore win","Kerry win",59.8037946210558,3,"More restr",54,7.7,63.8,50.7841328413284,61.94,27.6406712734452,35.99,49.6051332675222,6.42119968153715,61.8,"Obama win",13.3,44.1860465116279,9.34521018909205,"Pending",41801,"Northeast",21.1363636363636,-171,15.590405904059,171,"3. Secular","Nonsouth","Massachusetts","ma",3.73,2,60.44,64.17,5.1,13.5,91.4,59.9,64.2,66.2,24.5
"49",36.3,5,"0-5",31.3131313131313,36,"No",13,14.5,40.29124385908,46.24,9.1,50.7,2.58,"$1.41-$2.58",4.89,32.1,30.5602716468591,36.6923076923077,4.4,"More Dem",617,66.67,40.4605263157895,59.1666666666667,1175.3,"Mid Atlantic",0,15,"Liberal","Liberal","No",64,"High","Gore win","Kerry win",56.1256089150879,2,"More restr",63,14.9,63.3,30.0986842105263,52.92,21.7317487266553,41.61,47.7079796264856,2.96665501599196,57.14,"Obama win",12.9,47.4747474747475,8.53406744666208,"Enacted",41332,"Northeast",29.4117647058824,-131,29.4407894736842,131,"3. Secular","Nonsouth","New Jersey","nj",3.49,2.40000009536743,56.43,59.92,4.8,19.8,94.4,56.9,63.8,66.2,19.2
"50",31.2,3,"0-5",28.0028943560058,33,"No",5,6.8,41.651367663409,44.36,12.1,42.3,0.87,"$.695-$1.36",3.69,29.1,28.4661246612466,37.3396226415094,7.4,"More Dem",1106,63.6363636363636,41.2971404890178,60.8333333333333,231.7,"Pacific",0,55,"Liberal","Liberal","No",64,"High","Gore win","Kerry win",53.4495711050738,1,"More restr",79,34.7,51,25.8288437629507,54.31,24.2059620596206,36.91,47.3279132791328,3.81827921139946,60.94,"Obama win",10.7,48.1910274963821,9.95239676740839,"Enacted",35019,"West",28.7861915367483,-147,32.8740157480315,147,"3. Secular","Nonsouth","California","ca",6.63,2.90000009536743,54.61,61.24,6.2,16.5,94.4,55.7,58.8,61.7,28.3
